{
    "level1": {
        "NPCspeed" : 1,
        "NoTiles" : 4,
        "TilesPos" : {
            "x" : {
                "1" : 120,
                "2" : 220,
                "3" : 320,
                "4" : 420
            },
            "y" : {
                "1" : 170
            }
        }
    },
    "level2": {
        "NPCspeed" : 2,
        "NoTiles" : 8,
        "TilesPos" : {
            "x" : {
                "1" : 120,
                "2" : 220,
                "3" : 320,
                "4" : 420
            },
            "y" : {
                "1" : 100,
                "2" : 220
            }
        }
    },
    "level3": {
        "NPCspeed" : 2,
        "NoTiles" : 12,
        "TilesPos" : {
            "x" : {
                "1" : 120,
                "2" : 220,
                "3" : 320,
                "4" : 420
            },
            "y" : {
                "1" : 80,
                "2" : 170,
                "3" : 260
            }
        }
    }
}
                
                
                
                
    
             